"1ea8169","Michael Neal","Thu, 3 Apr 2025 11:27:00 -0400","updating copy",	 1 file changed, 1 insertion(+), 1 deletion(-)	
"c0cdfcd","Michael Neal","Thu, 3 Apr 2025 11:26:55 -0400","reverseing array order",	 1 file changed, 1 insertion(+), 1 deletion(-)	
"050e9d7","Michael Neal","Thu, 3 Apr 2025 11:15:42 -0400","reverse array order",	 1 file changed, 1 insertion(+), 1 deletion(-)	
"80bf648","Michael Neal","Thu, 3 Apr 2025 11:15:27 -0400","reverse array order",	 1 file changed, 1 insertion(+), 1 deletion(-)	
"530134f","Michael Neal","Thu, 3 Apr 2025 11:15:18 -0400","close modal after clicking "view"",	 1 file changed, 3 insertions(+), 1 deletion(-)	
"25ffb34","Michael Neal","Thu, 3 Apr 2025 11:15:06 -0400","reverse array order",	 1 file changed, 1 insertion(+), 1 deletion(-)	
"6b0f2d4","Michael Neal","Thu, 3 Apr 2025 11:14:50 -0400","reverse array order",	 1 file changed, 1 insertion(+), 1 deletion(-)	
"0e52a0f","Michael Neal","Thu, 3 Apr 2025 11:14:45 -0400","make popups clickable",	 1 file changed, 21 insertions(+), 16 deletions(-)	
"88f17d4","Michael Neal","Thu, 3 Apr 2025 11:14:32 -0400","remove 'x' before weight",	 1 file changed, 8 insertions(+), 5 deletions(-)	
"eec85ce","Michael Neal","Thu, 3 Apr 2025 09:44:08 -0400","update styling",	 1 file changed, 2 insertions(+), 2 deletions(-)	
"dfbf21a","Michael Neal","Thu, 3 Apr 2025 09:40:51 -0400","fix spinner centering",	 1 file changed, 1 insertion(+), 1 deletion(-)	
"f887fb2","Michael Neal","Thu, 3 Apr 2025 09:32:15 -0400","add filter and sort params",	 1 file changed, 16 insertions(+), 3 deletions(-)	
"9b4f68d","Michael Neal","Thu, 3 Apr 2025 09:32:00 -0400","update filtering function",	 1 file changed, 13 insertions(+), 1 deletion(-)	
"2dd7013","Michael Neal","Thu, 3 Apr 2025 09:31:52 -0400","remove uneeded update savedsearchlist",	 1 file changed, 1 insertion(+), 3 deletions(-)	
"7e7acee","Michael Neal","Thu, 3 Apr 2025 09:31:40 -0400","add loading state",	 1 file changed, 10 insertions(+)	
"c13a2b7","Michael Neal","Thu, 3 Apr 2025 09:31:32 -0400","update filtering",	 1 file changed, 51 insertions(+), 45 deletions(-)	
"372d816","Michael Neal","Thu, 3 Apr 2025 09:17:55 -0400","update component to match loggedInData.svelte",	 1 file changed, 119 insertions(+), 109 deletions(-)	
"867a8e5","Michael Neal","Thu, 3 Apr 2025 09:17:37 -0400","update sorting",	 1 file changed, 10 insertions(+), 7 deletions(-)	
"4db7b37","Michael Neal","Thu, 3 Apr 2025 09:17:13 -0400","update sorting",	 1 file changed, 15 insertions(+), 2 deletions(-)	
"a9dfb95","Michael Neal","Thu, 3 Apr 2025 09:16:57 -0400","update sorting",	 1 file changed, 1 insertion(+), 1 deletion(-)	
"d561a75","Michael Neal","Thu, 3 Apr 2025 09:16:51 -0400","remove unneeded console log",	 1 file changed, 1 deletion(-)	
"0da5ce2","Michael Neal","Thu, 3 Apr 2025 09:16:43 -0400","update filtering/sorting",	 1 file changed, 5 insertions(+), 3 deletions(-)	
"3ca56c3","Michael Neal","Thu, 3 Apr 2025 09:16:14 -0400","swap mileage and dimensions, add weight",	 1 file changed, 17 insertions(+), 16 deletions(-)	
"4fb3fc4","Michael Neal","Thu, 3 Apr 2025 09:15:28 -0400","delete blank file",	 1 file changed, 0 insertions(+), 0 deletions(-)	
"d76c960","Michael Neal","Thu, 3 Apr 2025 09:15:23 -0400","remove unneeded import",	 1 file changed, 1 deletion(-)	
"6291338","Michael Neal","Thu, 3 Apr 2025 09:15:09 -0400","fix misaligned arrows",	 1 file changed, 3 insertions(+), 3 deletions(-)	
"a907b37","Michael Neal","Thu, 3 Apr 2025 01:27:01 -0400","update filter setter function",	 1 file changed, 17 insertions(+), 4 deletions(-)	
"cccc3b8","Michael Neal","Thu, 3 Apr 2025 01:25:06 -0400","update styling",	 1 file changed, 1 insertion(+), 1 deletion(-)	
"fb5b1af","Michael Neal","Thu, 3 Apr 2025 01:25:00 -0400","update styling",	 1 file changed, 146 insertions(+), 132 deletions(-)	
"5bb0b25","Michael Neal","Wed, 2 Apr 2025 23:47:42 -0400","create search bar",	 1 file changed, 141 insertions(+)	
"6986e42","Michael Neal","Wed, 2 Apr 2025 23:47:33 -0400","remove unneeded filters",	 1 file changed, 1 insertion(+), 11 deletions(-)	
"aa48e5b","Michael Neal","Wed, 2 Apr 2025 23:47:19 -0400","fix typo",	 1 file changed, 2 insertions(+), 1 deletion(-)	
"cd5c401","Michael Neal","Wed, 2 Apr 2025 23:47:11 -0400","update formatting",	 1 file changed, 11 insertions(+), 11 deletions(-)	
"a1c1437","Michael Neal","Wed, 2 Apr 2025 23:46:52 -0400","auto focus search bar",	 1 file changed, 97 insertions(+), 71 deletions(-)	
"7a6fec3","Michael Neal","Wed, 2 Apr 2025 23:29:20 -0400","update button functionality",	 1 file changed, 8 insertions(+), 2 deletions(-)	
"a2c2551","Michael Neal","Wed, 2 Apr 2025 23:15:58 -0400","update filter functions",	 1 file changed, 4 insertions(+), 3 deletions(-)	
"87cbdbf","Michael Neal","Wed, 2 Apr 2025 23:15:33 -0400","add filter function",	 1 file changed, 11 insertions(+)	
"9a5bf68","Michael Neal","Wed, 2 Apr 2025 23:15:08 -0400","add index creation function for city search",	 1 file changed, 19 insertions(+)	
"5306810","Michael Neal","Wed, 2 Apr 2025 23:14:51 -0400","add types for city list",	 1 file changed, 18 insertions(+)	
"04e8598","Michael Neal","Wed, 2 Apr 2025 23:12:36 -0400","add search bar",	 1 file changed, 1 insertion(+)	
"b922938","Michael Neal","Wed, 2 Apr 2025 23:12:15 -0400","fix typo",	 1 file changed, 1 insertion(+), 1 deletion(-)	
"b6cd950","Michael Neal","Wed, 2 Apr 2025 23:12:04 -0400","add styling to data map",	 1 file changed, 1 insertion(+), 1 deletion(-)	
"01e8943","Michael Neal","Wed, 2 Apr 2025 23:10:55 -0400","adjust sort",	 1 file changed, 154648 insertions(+), 123394 deletions(-)	
"2491fc5","Michael Neal","Fri, 28 Mar 2025 11:11:47 -0400","update styling",	 1 file changed, 2 insertions(+), 2 deletions(-)	
"190deb3","Michael Neal","Fri, 28 Mar 2025 11:11:32 -0400","update bottom margin",	 1 file changed, 1 insertion(+), 1 deletion(-)	
"9be20f8","Michael Neal","Thu, 27 Mar 2025 13:44:43 -0400","update cities list",	 1 file changed, 187233 insertions(+), 429 deletions(-)	
"29a2fc7","Michael Neal","Thu, 27 Mar 2025 03:04:33 -0400","add error message",	 1 file changed, 1 insertion(+)	
"b7d440f","Michael Neal","Thu, 27 Mar 2025 03:02:30 -0400","update packages",	 1 file changed, 120 insertions(+), 120 deletions(-)	
"b3250c6","Michael Neal","Thu, 27 Mar 2025 03:02:26 -0400","pass in loggedin variable",	 1 file changed, 2 insertions(+), 2 deletions(-)	
"7df08ea","Michael Neal","Thu, 27 Mar 2025 03:02:02 -0400","add error message and checking",	 1 file changed, 22 insertions(+), 5 deletions(-)	
"947424f","Michael Neal","Thu, 27 Mar 2025 03:01:17 -0400","add new search when logged out",	 1 file changed, 25 insertions(+), 1 deletion(-)	
"74389a8","Michael Neal","Thu, 27 Mar 2025 03:01:02 -0400","update styling",	 1 file changed, 165 insertions(+), 136 deletions(-)	
"02d5c9c","Michael Neal","Thu, 27 Mar 2025 03:00:51 -0400","refactor save button enabler function",	 1 file changed, 45 deletions(-)	
"3c0cb94","Michael Neal","Thu, 27 Mar 2025 03:00:13 -0400","disable save button when logged out",	 1 file changed, 5 insertions(+), 1 deletion(-)	
"e02e2f4","Michael Neal","Thu, 27 Mar 2025 02:59:49 -0400","update sort options",	 1 file changed, 1 insertion(+), 2 deletions(-)	
"41e3dd5","Michael Neal","Thu, 27 Mar 2025 02:59:40 -0400","update button styling",	 1 file changed, 1 insertion(+), 1 deletion(-)	
"48a88a2","Michael Neal","Thu, 27 Mar 2025 02:59:21 -0400","update button styling",	 1 file changed, 2 insertions(+), 2 deletions(-)	
"f2cfe27","Michael Neal","Thu, 27 Mar 2025 02:59:13 -0400","remove unneeded css",	 1 file changed, 3 insertions(+)	
"dc919a3","Michael Neal","Thu, 27 Mar 2025 02:58:27 -0400","update carousel component",	 1 file changed, 73 insertions(+), 15 deletions(-)	
"0a3693a","Michael Neal","Thu, 27 Mar 2025 02:58:19 -0400","remove broken onDestroy function",	 1 file changed, 3 deletions(-)	
"a573537","Michael Neal","Thu, 27 Mar 2025 02:58:09 -0400","update button styling",	 1 file changed, 8 insertions(+), 8 deletions(-)	
"2aa5e38","Michael Neal","Tue, 25 Mar 2025 13:42:31 -0400","update packages",	 2 files changed, 870 insertions(+), 867 deletions(-)	
"2bca09d","Michael Neal","Tue, 25 Mar 2025 13:41:38 -0400","add saveButtonEnable function",	 1 file changed, 45 insertions(+)	
"4730f5a","Michael Neal","Tue, 25 Mar 2025 13:41:02 -0400","add email and phone number validation",	 1 file changed, 52 insertions(+), 18 deletions(-)	
"96865bf","Michael Neal","Wed, 19 Mar 2025 16:52:35 -0400","add leaflet gesture handling",	 2 files changed, 9 insertions(+)	
"cf181ca","Michael Neal","Wed, 19 Mar 2025 16:52:25 -0400","remove testing paragraph tag",	 1 file changed, 1 deletion(-)	
"91b7806","Michael Neal","Wed, 19 Mar 2025 16:52:11 -0400","add gesture handling to map",	 1 file changed, 5 insertions(+), 1 deletion(-)	
"3d83c2a","Michael Neal","Wed, 19 Mar 2025 16:51:57 -0400","fix sort-by label",	 1 file changed, 3 insertions(+), 2 deletions(-)	
"b932f5b","Michael Neal","Wed, 19 Mar 2025 16:51:42 -0400","reenable dev login button",	 1 file changed, 2 insertions(+), 1 deletion(-)	
"5d5fb43","Michael Neal","Wed, 19 Mar 2025 16:51:31 -0400","delete unused button",	 1 file changed, 4 deletions(-)	
"ea52e52","Michael Neal","Wed, 19 Mar 2025 15:38:27 -0400","fix date errors",	 1 file changed, 88 insertions(+), 12 deletions(-)	
"f281014","Michael Neal","Wed, 19 Mar 2025 15:38:22 -0400","fix button selection logic",	 1 file changed, 39 insertions(+), 9 deletions(-)	
"eadd69d","Michael Neal","Wed, 19 Mar 2025 15:38:04 -0400","change logout button size",	 1 file changed, 1 insertion(+), 1 deletion(-)	
"f36f6b7","Michael Neal","Wed, 19 Mar 2025 15:37:55 -0400","temporarily hide dev button",	 1 file changed, 2 insertions(+), 2 deletions(-)	
"afd18b2","Michael Neal","Wed, 19 Mar 2025 15:37:47 -0400","fix button layout",	 1 file changed, 1 insertion(+), 1 deletion(-)	
"7c67659","Michael Neal","Wed, 19 Mar 2025 15:37:33 -0400","fix logo width",	 1 file changed, 1 insertion(+), 1 deletion(-)	
"46351f5","Michael Neal","Wed, 19 Mar 2025 15:37:18 -0400","make close button fixed position",	 1 file changed, 5 insertions(+), 1 deletion(-)	
"e904036","Michael Neal","Thu, 13 Mar 2025 23:10:55 -0400","refactor save button enable function",	 1 file changed, 38 insertions(+), 32 deletions(-)	
"6c21c68","Michael Neal","Thu, 13 Mar 2025 15:48:16 -0400","remove sensitive info mask on sentry",	 1 file changed, 4 insertions(+), 1 deletion(-)	
"881b14f","Michael Neal","Thu, 13 Mar 2025 15:38:02 -0400","add sentry",	 1 file changed, 11 insertions(+), 2 deletions(-)	
"79cda7b","Michael Neal","Thu, 13 Mar 2025 15:37:55 -0400","add sentry",	 1 file changed, 1306 insertions(+), 42 deletions(-)	
"2fa656f","Michael Neal","Thu, 13 Mar 2025 15:37:51 -0400","add sentry",	 1 file changed, 1 insertion(+)	
"ba51d7f","Michael Neal","Thu, 13 Mar 2025 15:37:48 -0400","hide sentry env variables",	 1 file changed, 3 insertions(+), 1 deletion(-)	
"862e606","Michael Neal","Thu, 13 Mar 2025 15:37:39 -0400","add sentry",	 1 file changed, 12 insertions(+), 8 deletions(-)	
"902561c","Michael Neal","Thu, 13 Mar 2025 15:37:35 -0400","add sentry",	 1 file changed, 22 insertions(+)	
"017cbcf","Michael Neal","Thu, 13 Mar 2025 15:37:30 -0400","add sentry",	 1 file changed, 6 insertions(+)	
"c4482a0","Michael Neal","Thu, 13 Mar 2025 15:37:25 -0400","add sentry",	 1 file changed, 89 insertions(+)	
"13cfa14","Michael Neal","Thu, 13 Mar 2025 15:37:17 -0400","add debugging console.log",	 1 file changed, 1 insertion(+)	
"40870d7","Michael Neal","Tue, 11 Mar 2025 12:35:03 -0400","add checks for missing lat and lng",	 1 file changed, 21 insertions(+), 20 deletions(-)	
"f981ea0","Michael Neal","Tue, 11 Mar 2025 12:34:52 -0400","add checks for missing lat and lng",	 1 file changed, 4 insertions(+)	
"3958df3","Michael Neal","Mon, 3 Mar 2025 12:56:31 -0500","update lock file",	 1 file changed, 1045 insertions(+), 22 deletions(-)	
"7c08641","Michael Neal","Mon, 3 Mar 2025 03:28:18 -0500","update trailer types filtering",	 1 file changed, 3 insertions(+), 1 deletion(-)	
"6433cf9","Michael Neal","Mon, 3 Mar 2025 03:28:08 -0500","update trailer types filtering",	 1 file changed, 29 insertions(+), 8 deletions(-)	
"73d23b6","Michael Neal","Mon, 3 Mar 2025 03:27:59 -0500","add email and phone number fields",	 1 file changed, 100 insertions(+), 38 deletions(-)	
"cd92138","Michael Neal","Mon, 3 Mar 2025 03:27:39 -0500","update delete confirmation modal",	 1 file changed, 6 insertions(+), 1 deletion(-)	
"80c8d47","Michael Neal","Mon, 3 Mar 2025 03:27:31 -0500","remove unneeded code",	 1 file changed, 10 deletions(-)	
"e53577f","Michael Neal","Mon, 3 Mar 2025 03:27:20 -0500","remove unneeded if",	 1 file changed, 9 insertions(+), 2 deletions(-)	
"f3e18b8","Michael Neal","Mon, 3 Mar 2025 03:27:10 -0500","formatting",	 1 file changed, 6 insertions(+), 8 deletions(-)	
"ad32a3a","Michael Neal","Mon, 3 Mar 2025 03:26:58 -0500","update savedSearch refresh",	 1 file changed, 7 insertions(+), 6 deletions(-)	
"eb98d62","Michael Neal","Mon, 3 Mar 2025 03:26:42 -0500","formatting",	 1 file changed, 2 insertions(+), 1 deletion(-)	
"fcd3a19","Michael Neal","Mon, 3 Mar 2025 03:26:33 -0500","formatting",	 1 file changed, 1 insertion(+), 1 deletion(-)	
"40f537d","Michael Neal","Mon, 3 Mar 2025 03:26:23 -0500","fix number of saved searches showing on home screen",	 1 file changed, 1 insertion(+), 1 deletion(-)	
"c9bdde8","Michael Neal","Mon, 3 Mar 2025 03:26:08 -0500","force refresh after closing saved search modal",	 1 file changed, 7 insertions(+)	
"867d479","Michael Neal","Mon, 3 Mar 2025 03:25:51 -0500","update imports",	 1 file changed, 2 insertions(+), 1 deletion(-)	
"b759fed","Michael Neal","Mon, 3 Mar 2025 03:25:47 -0500","update trailertype filtering logic",	 1 file changed, 23 insertions(+), 14 deletions(-)	
"d8d0285","Michael Neal","Mon, 3 Mar 2025 03:25:26 -0500","remove leading ', '",	 1 file changed, 1 insertion(+), 1 deletion(-)	
"c16be0e","Michael Neal","Mon, 3 Mar 2025 03:25:16 -0500","use filtered arrays",	 1 file changed, 8 insertions(+), 4 deletions(-)	
"48522d6","Michael Neal","Mon, 3 Mar 2025 03:24:53 -0500","update onClick logic",	 1 file changed, 1 insertion(+)	
"e3f7cb1","Michael Neal","Mon, 3 Mar 2025 03:24:43 -0500","update formatting",	 1 file changed, 1 insertion(+), 1 deletion(-)	
"4edf5e3","Michael Neal","Mon, 3 Mar 2025 03:24:37 -0500","remove testing code",	 1 file changed, 1 deletion(-)	
"f9b4990","Michael Neal","Mon, 3 Mar 2025 03:24:30 -0500","add search logic",	 1 file changed, 23 insertions(+)	
"fc056ee","Michael Neal","Mon, 3 Mar 2025 03:24:08 -0500","update formatting",	 1 file changed, 4 insertions(+), 6 deletions(-)	
"98a289a","Michael Neal","Mon, 3 Mar 2025 03:23:54 -0500","update filter update logic",	 1 file changed, 17 insertions(+), 4 deletions(-)	
"bfdd7f4","Michael Neal","Mon, 3 Mar 2025 03:23:35 -0500","remove unneeded undefined typings",	 1 file changed, 3 insertions(+), 2 deletions(-)	
"8e4ff23","Michael Neal","Mon, 3 Mar 2025 03:23:23 -0500","rework trailerTypes data structure",	 1 file changed, 128 insertions(+), 32 deletions(-)	
"057400b","Michael Neal","Mon, 3 Mar 2025 03:22:50 -0500","disable scroll wheel zoom",	 1 file changed, 2 insertions(+), 1 deletion(-)	
"7674755","Michael Neal","Mon, 3 Mar 2025 03:22:43 -0500","update sorting names",	 1 file changed, 4 insertions(+), 3 deletions(-)	
"0cb1ff0","Michael Neal","Fri, 28 Feb 2025 12:08:05 -0500","update savesearch list on save",	 1 file changed, 2 insertions(+)	
"14bd8c8","Michael Neal","Fri, 28 Feb 2025 12:07:56 -0500","update formatting",	 1 file changed, 1 insertion(+), 1 deletion(-)	
"6a11ff2","Michael Neal","Fri, 28 Feb 2025 12:07:46 -0500","add savedSearches binding",	 1 file changed, 1 insertion(+)	
"b681143","Michael Neal","Fri, 28 Feb 2025 12:07:37 -0500","fix bug where dates wouldn't apply from saved search",	 1 file changed, 2 insertions(+), 2 deletions(-)	
"4be5318","Michael Neal","Fri, 28 Feb 2025 12:07:14 -0500","add open/closed binding",	 1 file changed, 1 insertion(+), 1 deletion(-)	
"60e419d","Michael Neal","Fri, 28 Feb 2025 12:07:04 -0500","update date picker bindings",	 1 file changed, 2 insertions(+), 2 deletions(-)	
"a9653e5","Michael Neal","Fri, 28 Feb 2025 12:06:53 -0500","update styling",	 1 file changed, 2 insertions(+), 2 deletions(-)	
"87bc945","Michael Neal","Fri, 28 Feb 2025 12:06:37 -0500","add trailer showing troubleshooting field",	 1 file changed, 2 insertions(+), 1 deletion(-)	
"cfc866a","Michael Neal","Fri, 28 Feb 2025 12:06:17 -0500","add search strings for dropdowns",	 1 file changed, 8 insertions(+)	
"de3ab96","Michael Neal","Fri, 28 Feb 2025 12:06:02 -0500","add state name parameters",	 1 file changed, 6 insertions(+), 7 deletions(-)	
"6248811","Michael Neal","Fri, 28 Feb 2025 12:05:25 -0500","update formatting function",	 1 file changed, 1 insertion(+), 1 deletion(-)	
"59545d4","Michael Neal","Fri, 28 Feb 2025 12:05:13 -0500","update state when filters are applied",	 1 file changed, 15 insertions(+), 6 deletions(-)	
"061924d","Michael Neal","Fri, 28 Feb 2025 12:04:54 -0500","pass selectedState to Drawer component",	 1 file changed, 15 insertions(+), 11 deletions(-)	
"1bd105b","Michael Neal","Fri, 28 Feb 2025 12:04:05 -0500","update date format",	 1 file changed, 1 insertion(+), 1 deletion(-)	
"24eb124","Michael Neal","Fri, 28 Feb 2025 12:04:01 -0500","add state to multiple loads header",	 1 file changed, 4 insertions(+), 2 deletions(-)	
"1c21634","Michael Neal","Fri, 28 Feb 2025 12:03:48 -0500","update date formatting",	 1 file changed, 1 insertion(+), 1 deletion(-)	
"17b95e0","Michael Neal","Tue, 25 Feb 2025 22:54:35 -0500","update function to send different message to email vs text message",	 1 file changed, 6 insertions(+), 4 deletions(-)	
"f6837d1","Michael Neal","Tue, 25 Feb 2025 22:54:10 -0500","update copy to be sent in message",	 1 file changed, 3 insertions(+), 3 deletions(-)	
"52f37f2","Michael Neal","Tue, 25 Feb 2025 22:53:51 -0500","update base message",	 1 file changed, 1 insertion(+), 1 deletion(-)	
"0b9d190","Michael Neal","Tue, 25 Feb 2025 22:53:45 -0500","update task object to include 'searchName'",	 1 file changed, 2 insertions(+), 1 deletion(-)	
"23f3eaa","Michael Neal","Tue, 25 Feb 2025 22:53:24 -0500","update cron to run every 15 minutes",	 1 file changed, 1 insertion(+), 1 deletion(-)	
"4bdf9be","Michael Neal","Tue, 25 Feb 2025 22:53:12 -0500","update component styling",	 1 file changed, 2 insertions(+), 2 deletions(-)	
"5fcf84c","Michael Neal","Tue, 25 Feb 2025 22:52:59 -0500","update styling",	 1 file changed, 1 insertion(+), 1 deletion(-)	
"3b814a6","Michael Neal","Tue, 25 Feb 2025 22:52:53 -0500","force map to refresh on resize",	 1 file changed, 13 insertions(+)	
"71c6224","Michael Neal","Tue, 25 Feb 2025 22:52:36 -0500","update 'terminal' name",	 1 file changed, 1 insertion(+), 1 deletion(-)	
"caca21c","Michael Neal","Tue, 25 Feb 2025 22:52:28 -0500","delete 'origin terminal' info",	 1 file changed, 4 deletions(-)	
"47ac579","Michael Neal","Mon, 24 Feb 2025 13:02:56 -0500","update date formatting",	 1 file changed, 2 insertions(+), 1 deletion(-)	
"7ccd8aa","Michael Neal","Mon, 24 Feb 2025 11:07:25 -0500","tighten up spacing on table",	 1 file changed, 1 insertion(+), 1 deletion(-)	
"b994a44","Michael Neal","Thu, 20 Feb 2025 21:55:20 -0500","remove unneeded functions",	 1 file changed, 12 deletions(-)	
"39702e4","Michael Neal","Thu, 20 Feb 2025 21:54:13 -0500","update formatting",	 1 file changed, 3 insertions(+), 7 deletions(-)	
"6302a7c","Michael Neal","Thu, 20 Feb 2025 21:54:02 -0500","update formatting",	 1 file changed, 7 insertions(+), 4 deletions(-)	
"741af66","Michael Neal","Thu, 20 Feb 2025 21:53:54 -0500","update formatting",	 1 file changed, 5 insertions(+), 4 deletions(-)	
"4f1297b","Michael Neal","Thu, 20 Feb 2025 21:53:40 -0500","update origin and destination styling",	 1 file changed, 4 insertions(+), 4 deletions(-)	
"2b3a50d","Michael Neal","Thu, 20 Feb 2025 21:53:16 -0500","update date pickerstyling",	 1 file changed, 14 insertions(+), 3 deletions(-)	
"e4ad55b","Michael Neal","Thu, 20 Feb 2025 21:52:57 -0500","add state and functions for calendar",	 1 file changed, 12 insertions(+)	
"6c18faa","Michael Neal","Thu, 20 Feb 2025 14:46:01 -0500","add function to add commas to numbers",	 1 file changed, 3 insertions(+)	
"5864024","Michael Neal","Wed, 19 Feb 2025 22:34:33 -0500","add trigger ignore files",	 1 file changed, 2 insertions(+)	
"d040aec","Michael Neal","Wed, 19 Feb 2025 22:34:24 -0500","rearrange data",	 1 file changed, 24 insertions(+), 13 deletions(-)	
"6eb3d44","Michael Neal","Wed, 19 Feb 2025 22:34:14 -0500","add commas to numbers",	 1 file changed, 5 insertions(+), 2 deletions(-)	
"7ec2714","Michael Neal","Wed, 19 Feb 2025 22:34:06 -0500","add commas to numbers",	 1 file changed, 8 insertions(+), 4 deletions(-)	
"6450375","Michael Neal","Wed, 19 Feb 2025 10:43:05 -0500","impliment text and email messages and logic",	 1 file changed, 130 insertions(+), 31 deletions(-)	
"4cf4fa9","Michael Neal","Wed, 19 Feb 2025 06:54:41 -0500","add trigger config",	 1 file changed, 22 insertions(+)	
"b42e546","Michael Neal","Wed, 19 Feb 2025 06:54:34 -0500","add trigger.dev",	 1 file changed, 2 insertions(+)	
"61e811a","Michael Neal","Wed, 19 Feb 2025 06:54:29 -0500","add trigger.dev",	 1 file changed, 1499 insertions(+), 11 deletions(-)	
"f97de22","Michael Neal","Wed, 19 Feb 2025 06:54:24 -0500","create notification trigger.dev function",	 1 file changed, 248 insertions(+)	
"b78113c","Michael Neal","Wed, 19 Feb 2025 06:54:16 -0500","add notification type",	 1 file changed, 7 insertions(+)	
"c94dd5a","Michael Neal","Wed, 19 Feb 2025 06:54:09 -0500","extend tabledatatype",	 1 file changed, 3 insertions(+), 1 deletion(-)	
"ce0a2bc","Michael Neal","Wed, 19 Feb 2025 06:53:14 -0500","fix capitalization",	 1 file changed, 1 insertion(+), 1 deletion(-)	
"bad11fe","Michael Neal","Tue, 18 Feb 2025 02:50:04 -0500","update to match loggedInData",	 1 file changed, 233 insertions(+), 88 deletions(-)	
"c457c61","Michael Neal","Tue, 18 Feb 2025 02:49:55 -0500","update styling",	 1 file changed, 1 insertion(+), 1 deletion(-)	
"59c324e","Michael Neal","Tue, 18 Feb 2025 02:41:58 -0500","fix formatting",	 1 file changed, 11 insertions(+), 11 deletions(-)	
"0e0f415","Michael Neal","Tue, 18 Feb 2025 02:41:49 -0500","create pocketbase call",	 1 file changed, 1 insertion(+)	
"d7243a2","Michael Neal","Tue, 18 Feb 2025 02:41:44 -0500","add sorting",	 1 file changed, 5 insertions(+), 8 deletions(-)	
"76a41a1","Michael Neal","Tue, 18 Feb 2025 02:41:28 -0500","remove pocketbase calls",	 1 file changed, 1 insertion(+), 7 deletions(-)	
"55286f4","Michael Neal","Tue, 18 Feb 2025 02:40:54 -0500","add sorting functionality back in",	 1 file changed, 70 insertions(+), 17 deletions(-)	
"eb5dfe0","Michael Neal","Tue, 18 Feb 2025 02:40:46 -0500","formatting",	 1 file changed, 1 insertion(+)	
"a851a75","Michael Neal","Tue, 18 Feb 2025 02:40:37 -0500","add state so drop downs will close automatically",	 1 file changed, 48 insertions(+), 14 deletions(-)	
"3611fad","Michael Neal","Tue, 18 Feb 2025 02:40:21 -0500","set minimum zoom level",	 1 file changed, 3 insertions(+), 1 deletion(-)	
"d291573","Michael Neal","Tue, 18 Feb 2025 02:40:14 -0500","add sorting functionality back in",	 1 file changed, 91 insertions(+), 19 deletions(-)	
"e9b0d3f","Michael Neal","Tue, 18 Feb 2025 02:39:58 -0500","replace tooltips with popups",	 1 file changed, 12 insertions(+), 5 deletions(-)	
"054832a","Michael Neal","Mon, 17 Feb 2025 14:34:32 -0500","add link to Phone number",	 2 files changed, 2 insertions(+), 2 deletions(-)	
"dc04f28","Michael Neal","Mon, 17 Feb 2025 13:47:30 -0500","remove unneeded helper functions",	 1 file changed, 1 insertion(+), 42 deletions(-)	
"71f7b3d","Michael Neal","Mon, 17 Feb 2025 13:47:17 -0500","add function to create userID if it doesn't exist",	 1 file changed, 43 insertions(+), 23 deletions(-)	
"bf86c94","Michael Neal","Mon, 17 Feb 2025 13:46:54 -0500","update dev userID",	 1 file changed, 1 insertion(+), 1 deletion(-)	
"2eaa49e","Michael Neal","Mon, 17 Feb 2025 13:17:55 -0500","add pocketbase call to add user if it doesn't exist",	 1 file changed, 18 insertions(+), 2 deletions(-)	
"ce83f6b","Michael Neal","Mon, 17 Feb 2025 03:53:05 -0500","update button name",	 1 file changed, 1 insertion(+), 1 deletion(-)	
"b591eb9","Michael Neal","Mon, 17 Feb 2025 03:52:24 -0500","add favicon",	 1 file changed, 0 insertions(+), 0 deletions(-)	
"9307849","Michael Neal","Mon, 17 Feb 2025 03:52:20 -0500","remove unneeded bindings and modals",	 1 file changed, 2 deletions(-)	
"79ef450","Michael Neal","Mon, 17 Feb 2025 03:52:04 -0500","create saved searches modal",	 1 file changed, 175 insertions(+), 17 deletions(-)	
"55321c9","Michael Neal","Mon, 17 Feb 2025 03:51:52 -0500","remove unneeded imports and keys",	 1 file changed, 34 insertions(+), 27 deletions(-)	
"6bab752","Michael Neal","Mon, 17 Feb 2025 03:51:40 -0500","add new bindings for modals",	 1 file changed, 19 insertions(+), 7 deletions(-)	
"5b5bace","Michael Neal","Mon, 17 Feb 2025 03:51:26 -0500","update styling and properties",	 1 file changed, 4 insertions(+), 2 deletions(-)	
"a5296dd","Michael Neal","Mon, 17 Feb 2025 03:50:57 -0500","fix multi-load map pins",	 1 file changed, 13 insertions(+), 6 deletions(-)	
"f558a67","Michael Neal","Mon, 17 Feb 2025 03:50:44 -0500","update table row with correct value",	 1 file changed, 2 insertions(+), 5 deletions(-)	
"7728acf","Michael Neal","Mon, 17 Feb 2025 03:50:24 -0500","update styling",	 1 file changed, 6 insertions(+), 11 deletions(-)	
"1483b6b","Michael Neal","Mon, 17 Feb 2025 03:50:15 -0500","update styling",	 1 file changed, 4 insertions(+), 4 deletions(-)	
"64274af","Michael Neal","Mon, 17 Feb 2025 03:50:10 -0500","update styling",	 1 file changed, 3 insertions(+), 3 deletions(-)	
"a9aba05","Michael Neal","Mon, 17 Feb 2025 03:50:07 -0500","update pocketbase calls",	 1 file changed, 16 insertions(+), 5 deletions(-)	
"27e9380","Michael Neal","Mon, 17 Feb 2025 03:49:52 -0500","create contact preferences window",	 1 file changed, 66 insertions(+)	
"49a207a","Michael Neal","Sun, 16 Feb 2025 22:49:33 -0500","update bindings",	 1 file changed, 30 insertions(+), 13 deletions(-)	
"873a470","Michael Neal","Sun, 16 Feb 2025 22:49:21 -0500","create filtering function",	 1 file changed, 106 insertions(+)	
"053d8f3","Michael Neal","Sun, 16 Feb 2025 22:49:15 -0500","create a small skeleton for single line text",	 1 file changed, 9 insertions(+)	
"9cbc60d","Michael Neal","Sun, 16 Feb 2025 22:49:04 -0500","fix missing $bindable()",	 1 file changed, 1 insertion(+), 1 deletion(-)	
"b63f64e","Michael Neal","Sun, 16 Feb 2025 22:48:56 -0500","add filtering",	 1 file changed, 75 insertions(+), 3 deletions(-)	
"4a61882","Michael Neal","Sun, 16 Feb 2025 22:48:10 -0500","add spacing",	 1 file changed, 3 insertions(+)	
"0e607ec","Michael Neal","Sun, 16 Feb 2025 22:48:00 -0500","create skeleton loader for loadtable",	 1 file changed, 107 insertions(+)	
"605bb3b","Michael Neal","Sun, 16 Feb 2025 22:47:43 -0500","add helper styling",	 1 file changed, 3 insertions(+)	
"a096304","Michael Neal","Sun, 16 Feb 2025 22:47:29 -0500","add styling to fix overset text bug",	 1 file changed, 19 insertions(+), 12 deletions(-)	
"03417e3","Michael Neal","Sun, 16 Feb 2025 22:47:07 -0500","fix type",	 1 file changed, 1 insertion(+), 1 deletion(-)	
"37d1196","Michael Neal","Sun, 16 Feb 2025 22:46:41 -0500","update styling to fix overlap bugs",	 1 file changed, 2 insertions(+), 2 deletions(-)	
"7eb9ea7","Michael Neal","Sun, 16 Feb 2025 16:42:16 -0500","add onMount call",	 1 file changed, 1 insertion(+)	
"08114e6","Michael Neal","Sun, 16 Feb 2025 16:42:12 -0500","move save search dialog to SearchOptions component",	 1 file changed, 15 deletions(-)	
"193452a","Michael Neal","Sun, 16 Feb 2025 16:41:50 -0500","fix formatting",	 1 file changed, 2 insertions(+), 2 deletions(-)	
"b97fa36","Michael Neal","Sun, 16 Feb 2025 16:41:41 -0500","update search options component properties",	 1 file changed, 16 insertions(+), 3 deletions(-)	
"696ab8a","Michael Neal","Sun, 16 Feb 2025 16:41:21 -0500","update developer bar preview",	 1 file changed, 1 insertion(+), 1 deletion(-)	
"0fd2fbd","Michael Neal","Sun, 16 Feb 2025 16:41:12 -0500","remove unused function",	 1 file changed, 3 deletions(-)	
"acce729","Michael Neal","Sun, 16 Feb 2025 16:40:58 -0500","remove unneeded imports",	 1 file changed, 11 deletions(-)	
"c9e0fb8","Michael Neal","Sun, 16 Feb 2025 16:40:26 -0500","add pocketbase API calls",	 1 file changed, 29 insertions(+), 2 deletions(-)	
"40529be","Michael Neal","Sun, 16 Feb 2025 16:40:07 -0500","fix incorrect typing in bindings",	 1 file changed, 3 insertions(+), 2 deletions(-)	
"ea647c6","Michael Neal","Sun, 16 Feb 2025 16:39:54 -0500","add pocketbase calls",	 1 file changed, 35 insertions(+)	
"dfbf6b4","Michael Neal","Sun, 16 Feb 2025 16:39:29 -0500","refactor bindings",	 1 file changed, 8 insertions(+), 4 deletions(-)	
"c47f8b2","Michael Neal","Sun, 16 Feb 2025 16:39:17 -0500","add pocketbase calls",	 1 file changed, 10 insertions(+), 1 deletion(-)	
"93ff895","Michael Neal","Sun, 16 Feb 2025 16:38:55 -0500","refactor views to clean up hierarchy",	 1 file changed, 42 insertions(+), 10 deletions(-)	
"a610d70","Michael Neal","Sun, 16 Feb 2025 16:38:32 -0500","refactor bindings",	 1 file changed, 24 insertions(+), 3 deletions(-)	
"74ef03e","Michael Neal","Sun, 16 Feb 2025 16:38:03 -0500","create confirmation dialog for deleting saved search",	 1 file changed, 58 insertions(+)	
"e91bd8e","Michael Neal","Sat, 15 Feb 2025 16:04:32 -0500","refactor to encapsulate components into larger components",	 1 file changed, 15 insertions(+), 199 deletions(-)	
"357a7de","Michael Neal","Sat, 15 Feb 2025 16:04:09 -0500","create component to encapsulate search options",	 1 file changed, 67 insertions(+)	
"602430f","Michael Neal","Sat, 15 Feb 2025 16:03:19 -0500","fix userId name and typing",	 1 file changed, 1 insertion(+), 1 deletion(-)	
"6aa082d","Michael Neal","Sat, 15 Feb 2025 16:03:08 -0500","refactor views to only show if user is not logged in",	 1 file changed, 125 insertions(+)	
"77193f7","Michael Neal","Sat, 15 Feb 2025 16:02:57 -0500","create the Notification prefrences Modal",	 1 file changed, 104 insertions(+)	
"2436d33","Michael Neal","Sat, 15 Feb 2025 16:02:49 -0500","delete "search" button",	 1 file changed, 1 insertion(+), 5 deletions(-)	
"ba132a0","Michael Neal","Sat, 15 Feb 2025 16:02:34 -0500","refactor view to only show when logged in",	 1 file changed, 125 insertions(+)	
"9f30886","Michael Neal","Sat, 15 Feb 2025 16:02:23 -0500","add dollar sign",	 1 file changed, 1 insertion(+), 1 deletion(-)	
"40a976c","Michael Neal","Sat, 15 Feb 2025 04:09:09 -0500","add component properties",	 1 file changed, 73 insertions(+), 55 deletions(-)	
"98e188d","Michael Neal","Sat, 15 Feb 2025 04:08:54 -0500","add pocketbase API calls",	 1 file changed, 91 insertions(+), 23 deletions(-)	
"3d84edb","Michael Neal","Sat, 15 Feb 2025 04:08:44 -0500","add pocketbase API calls",	 1 file changed, 69 insertions(+), 39 deletions(-)	
"2d35beb","Michael Neal","Fri, 14 Feb 2025 20:14:28 -0500","refactor pocketbase call",	 1 file changed, 78 insertions(+), 39 deletions(-)	
"224f271","Michael Neal","Fri, 14 Feb 2025 20:13:10 -0500","fix url",	 1 file changed, 1 insertion(+), 1 deletion(-)	
"b301a16","Michael Neal","Fri, 14 Feb 2025 19:49:12 -0500","add redirect to logout screen",	 1 file changed, 1 insertion(+)	
"ce46581","Michael Neal","Fri, 14 Feb 2025 19:37:14 -0500","update pocketbase api commands",	 1 file changed, 25 insertions(+), 13 deletions(-)	
"0dba046","Michael Neal","Fri, 14 Feb 2025 19:37:02 -0500","change styling",	 1 file changed, 7 insertions(+), 2 deletions(-)	
"1ca2b1e","Michael Neal","Fri, 14 Feb 2025 19:36:53 -0500","update login/logout function",	 1 file changed, 8 insertions(+), 5 deletions(-)	
"9d34913","Michael Neal","Fri, 14 Feb 2025 04:12:42 -0500","update filtering",	 2 files changed, 102 insertions(+), 37 deletions(-)	
"613d025","Michael Neal","Fri, 14 Feb 2025 04:12:29 -0500","import pocketbase",	 1 file changed, 2 insertions(+)	
"2ffd741","Michael Neal","Fri, 14 Feb 2025 04:12:21 -0500","add typing for saved searches",	 1 file changed, 20 insertions(+), 8 deletions(-)	
"3f171bf","Michael Neal","Fri, 14 Feb 2025 04:12:13 -0500","added props and markup to handle filtering",	 1 file changed, 21 insertions(+), 5 deletions(-)	
"660f142","Michael Neal","Fri, 14 Feb 2025 04:11:38 -0500","add pocketbase pull for saved searches",	 1 file changed, 120 insertions(+), 11 deletions(-)	
"ba7d2f5","Michael Neal","Fri, 14 Feb 2025 04:11:16 -0500","add updated filtering",	 1 file changed, 102 insertions(+), 66 deletions(-)	
"aee9f9e","Michael Neal","Fri, 14 Feb 2025 04:10:56 -0500","update props to handle filtering",	 1 file changed, 57 insertions(+), 2 deletions(-)	
"6f6d8b8","Michael Neal","Fri, 14 Feb 2025 04:10:27 -0500","add data for filter drop downs",	 1 file changed, 88 insertions(+)	
"6762f89","Michael Neal","Fri, 14 Feb 2025 04:10:02 -0500","update imports",	 1 file changed, 2 insertions(+), 3 deletions(-)	
"64376d1","Michael Neal","Fri, 14 Feb 2025 04:09:52 -0500","add multiple load checks",	 1 file changed, 6 insertions(+), 3 deletions(-)	
"7c40d52","Michael Neal","Fri, 14 Feb 2025 04:09:39 -0500","add checks for missing info",	 1 file changed, 14 insertions(+), 4 deletions(-)	
"8fda285","Michael Neal","Fri, 14 Feb 2025 04:09:22 -0500","add props",	 1 file changed, 4 insertions(+), 1 deletion(-)	
"2767a0d","Michael Neal","Fri, 14 Feb 2025 04:09:01 -0500","add multiple load checks",	 1 file changed, 5 insertions(+), 5 deletions(-)	
"ff7bfc1","Michael Neal","Fri, 14 Feb 2025 04:08:41 -0500","add checks for missing information",	 1 file changed, 14 insertions(+), 5 deletions(-)	
"2a60a56","Michael Neal","Fri, 14 Feb 2025 04:08:15 -0500","explicitly type lat lng as numbers",	 1 file changed, 4 insertions(+), 4 deletions(-)	
"cf15aa7","Michael Neal","Fri, 14 Feb 2025 04:07:58 -0500","add city/state/lat/long info for filters",	 1 file changed, 722 insertions(+)	
"5098f18","Michael Neal","Thu, 13 Feb 2025 02:32:27 -0500","add pocketbase support",	 1 file changed, 7 insertions(+), 4 deletions(-)	
"cc5c6e5","Michael Neal","Thu, 13 Feb 2025 02:32:20 -0500","update layout",	 1 file changed, 121 insertions(+), 42 deletions(-)	
"46174de","Michael Neal","Thu, 13 Feb 2025 02:32:09 -0500","remove companyNumber from data",	 1 file changed, 1 deletion(-)	
"1ce3175","Michael Neal","Thu, 13 Feb 2025 02:32:00 -0500","add pocketbase import",	 1 file changed, 3 insertions(+)	
"d2497e5","Michael Neal","Thu, 13 Feb 2025 02:31:53 -0500","add email and text notification section",	 1 file changed, 31 insertions(+), 2 deletions(-)	
"56f41bf","Michael Neal","Thu, 13 Feb 2025 02:31:34 -0500","remove unneeded bindable variables",	 1 file changed, 1 insertion(+), 6 deletions(-)	
"4e03cb6","Michael Neal","Thu, 13 Feb 2025 02:31:20 -0500","update toggle function so it will ignore id variable",	 1 file changed, 4 insertions(+), 2 deletions(-)	
"6ac8abd","Michael Neal","Thu, 13 Feb 2025 02:30:57 -0500","add marker for when there's multiple loads in the same spot",	 1 file changed, 20 insertions(+), 5 deletions(-)	
"2974a5e","Michael Neal","Thu, 13 Feb 2025 02:29:43 -0500","clean up load table code",	 1 file changed, 20 insertions(+), 9 deletions(-)	
"a0896c7","Michael Neal","Thu, 13 Feb 2025 02:29:26 -0500","add logout function",	 1 file changed, 6 insertions(+), 4 deletions(-)	
"6308390","Michael Neal","Thu, 13 Feb 2025 02:29:09 -0500","add dev mode login button",	 1 file changed, 7 insertions(+)	
"80165c3","Michael Neal","Thu, 13 Feb 2025 02:28:17 -0500","add trailer types to details view",	 1 file changed, 5 insertions(+)	
"a381c71","Michael Neal","Tue, 11 Feb 2025 17:08:42 -0500","add logic to updated loggedIn state variable",	 1 file changed, 5 insertions(+), 1 deletion(-)	
"316a58a","Michael Neal","Tue, 11 Feb 2025 17:04:41 -0500","fix cookie function bug",	 1 file changed, 13 insertions(+), 8 deletions(-)	
"cdc5583","Michael Neal","Tue, 11 Feb 2025 16:51:18 -0500","temporarily comment out if dev check",	 1 file changed, 2 insertions(+), 2 deletions(-)	
"97a9b47","Michael Neal","Tue, 11 Feb 2025 16:50:33 -0500","code cleanup",	 1 file changed, 15 insertions(+), 19 deletions(-)	
"7db2756","Michael Neal","Tue, 11 Feb 2025 16:43:41 -0500","fix outdated lockfile",	 1 file changed, 286 insertions(+)	
"9657453","Michael Neal","Tue, 11 Feb 2025 16:38:33 -0500","update tsconfig",	 1 file changed, 1 insertion(+)	
"b539a6b","Michael Neal","Tue, 11 Feb 2025 16:38:28 -0500","add cookie set up",	 1 file changed, 6 insertions(+), 2 deletions(-)	
"3758be8","Michael Neal","Tue, 11 Feb 2025 16:38:17 -0500","set up cookie import",	 1 file changed, 36 insertions(+), 4 deletions(-)	
"8b80ee3","Michael Neal","Tue, 11 Feb 2025 16:38:12 -0500","set up cookie import",	 1 file changed, 24 insertions(+)	
"57e3e85","Michael Neal","Tue, 11 Feb 2025 16:38:04 -0500","create types for cookie",	 1 file changed, 9 insertions(+)	
"709cfb9","Michael Neal","Tue, 11 Feb 2025 01:10:56 -0500","install pocketbase",	 2 files changed, 8 insertions(+)	
"c04aff4","Michael Neal","Tue, 11 Feb 2025 01:10:49 -0500","set up pocketbase server calls",	 1 file changed, 6 insertions(+)	
"535e769","Michael Neal","Tue, 11 Feb 2025 01:10:43 -0500","import pocketbase",	 1 file changed, 6 insertions(+)	
"6bac9da","Michael Neal","Tue, 11 Feb 2025 01:10:34 -0500","clean up html",	 1 file changed, 17 insertions(+), 15 deletions(-)	
"c36657a","Michael Neal","Tue, 11 Feb 2025 01:10:16 -0500","clean up white space",	 1 file changed, 1 insertion(+), 1 deletion(-)	
"5b5aa5d","Michael Neal","Tue, 11 Feb 2025 01:10:07 -0500","add comments to typescript",	 1 file changed, 7 insertions(+), 3 deletions(-)	
"cc5b1a3","Michael Neal","Tue, 11 Feb 2025 00:00:42 -0500","add netlify adapter",	 2 files changed, 490 insertions(+)	
"7be1185","Michael Neal","Tue, 11 Feb 2025 00:00:35 -0500","add netlify build commands",	 1 file changed, 3 insertions(+)	
"37e6b0d","Michael Neal","Tue, 11 Feb 2025 00:00:20 -0500","remove whitespace",	 1 file changed, 2 insertions(+)	
"7d48d23","Michael Neal","Tue, 11 Feb 2025 00:00:16 -0500","clean up imports",	 1 file changed, 10 insertions(+), 6 deletions(-)	
"d2a1fce","Michael Neal","Tue, 11 Feb 2025 00:00:11 -0500","create server component",	 1 file changed, 0 insertions(+), 0 deletions(-)	
"96af980","Michael Neal","Tue, 11 Feb 2025 00:00:04 -0500","code clean up",	 1 file changed, 33 insertions(+), 8 deletions(-)	
"0d32b54","Michael Neal","Mon, 10 Feb 2025 23:59:57 -0500","add browser window checks",	 1 file changed, 22 insertions(+), 17 deletions(-)	
"72dfa6a","Michael Neal","Mon, 10 Feb 2025 23:59:40 -0500","add login button",	 1 file changed, 20 insertions(+), 4 deletions(-)	
"3d6cdd2","Michael Neal","Mon, 10 Feb 2025 23:59:29 -0500","add checks for window",	 2 files changed, 5 insertions(+), 1 deletion(-)	
"ec89227","Michael Neal","Wed, 5 Feb 2025 00:06:30 -0500","remove unneeded depndencies",	 2 files changed, 34 insertions(+), 2 deletions(-)	
"c919e84","Michael Neal","Wed, 5 Feb 2025 00:06:21 -0500","update carousel",	 1 file changed, 18 insertions(+), 14 deletions(-)	
"eb35f0a","Michael Neal","Wed, 5 Feb 2025 00:06:13 -0500","remove unneeded import",	 1 file changed, 1 deletion(-)	
"81c40c2","Michael Neal","Wed, 5 Feb 2025 00:06:06 -0500","add origin city prop",	 1 file changed, 9 insertions(+), 5 deletions(-)	
"81299d4","Michael Neal","Wed, 5 Feb 2025 00:06:00 -0500","add originCity prop",	 1 file changed, 5 insertions(+), 2 deletions(-)	
"6c9494f","Michael Neal","Wed, 5 Feb 2025 00:05:30 -0500","fix broken class",	 1 file changed, 1 insertion(+), 1 deletion(-)	
"f0dc3c5","Michael Neal","Wed, 5 Feb 2025 00:05:23 -0500","add new city prop, rework carousel",	 1 file changed, 95 insertions(+), 26 deletions(-)	
"bbd9cef","Michael Neal","Wed, 5 Feb 2025 00:05:11 -0500","add new city prop",	 1 file changed, 98 insertions(+), 75 deletions(-)	
"f3c49e6","Michael Neal","Wed, 5 Feb 2025 00:05:02 -0500","redesign carousel",	 1 file changed, 72 insertions(+), 41 deletions(-)	
"d751172","Michael Neal","Wed, 5 Feb 2025 00:04:56 -0500","delete old drawer",	 1 file changed, 261 deletions(-)	
"7483b66","Michael Neal","Tue, 4 Feb 2025 15:53:04 -0500","add lucide-svelte",	 2 files changed, 13 insertions(+)	
"533311e","Michael Neal","Tue, 4 Feb 2025 15:52:57 -0500","change to new drawer component",	 1 file changed, 1 insertion(+), 1 deletion(-)	
"a7dd2d1","Michael Neal","Tue, 4 Feb 2025 15:52:47 -0500","update drawer layout",	 1 file changed, 57 insertions(+)	
"2464ef2","Michael Neal","Tue, 4 Feb 2025 15:52:42 -0500","create drawer detail view",	 1 file changed, 124 insertions(+)	
"5aa635a","Michael Neal","Tue, 4 Feb 2025 15:52:35 -0500","create carousel",	 1 file changed, 15 insertions(+), 16 deletions(-)	
"6334dc5","Michael Neal","Tue, 4 Feb 2025 12:48:33 -0500","create table data component",	 1 file changed, 63 insertions(+)	
"dd958a6","Michael Neal","Thu, 30 Jan 2025 21:57:08 -0500","remove unneeded imports",	 1 file changed, 2 deletions(-)	
"158f40e","Michael Neal","Thu, 23 Jan 2025 13:01:31 -0500","update sveaflet import",	 1 file changed, 1 insertion(+), 1 deletion(-)	
"ba2be7e","Michael Neal","Tue, 21 Jan 2025 14:00:17 -0500","add --host to dev server",	 1 file changed, 4 insertions(+), 1 deletion(-)	
"0b3c16d","Michael Neal","Tue, 21 Jan 2025 14:00:06 -0500","add new components, fix styling",	 1 file changed, 48 insertions(+), 22 deletions(-)	
"0a54915","Michael Neal","Tue, 21 Jan 2025 13:59:58 -0500","update sample data",	 1 file changed, 8 insertions(+), 8 deletions(-)	
"29a5021","Michael Neal","Tue, 21 Jan 2025 13:59:53 -0500","create saved search dialog",	 1 file changed, 23 insertions(+)	
"8b570f0","Michael Neal","Tue, 21 Jan 2025 13:59:47 -0500","create managed search modal",	 1 file changed, 26 insertions(+)	
"11f7de5","Michael Neal","Tue, 21 Jan 2025 13:59:41 -0500","update views bar logic",	 1 file changed, 1 insertion(+), 1 deletion(-)	
"0e7fde6","Michael Neal","Tue, 21 Jan 2025 13:59:34 -0500","create toast",	 1 file changed, 10 insertions(+)	
"63ab5f3","Michael Neal","Tue, 21 Jan 2025 13:59:30 -0500","create saved searches row",	 1 file changed, 24 insertions(+)	
"b780e38","Michael Neal","Tue, 21 Jan 2025 13:59:25 -0500","create saved searches box",	 1 file changed, 22 insertions(+)	
"64aee76","Michael Neal","Tue, 21 Jan 2025 13:59:19 -0500","update props and layout",	 1 file changed, 89 insertions(+), 36 deletions(-)	
"fb0522a","Michael Neal","Tue, 21 Jan 2025 13:59:09 -0500","remove sample marker, fix styling",	 1 file changed, 3 insertions(+), 4 deletions(-)	
"7f6e540","Michael Neal","Tue, 21 Jan 2025 13:58:54 -0500","update layout",	 1 file changed, 55 insertions(+), 106 deletions(-)	
"6b3bd68","Michael Neal","Tue, 21 Jan 2025 13:58:50 -0500","fix typo",	 1 file changed, 1 insertion(+), 1 deletion(-)	
"868f113","Michael Neal","Tue, 21 Jan 2025 13:58:43 -0500","add logo, remove equipment button",	 1 file changed, 5 insertions(+), 4 deletions(-)	
"187da92","Michael Neal","Tue, 21 Jan 2025 13:58:32 -0500","remove map interactions",	 1 file changed, 3 insertions(+), 2 deletions(-)	
"28e9f4b","Michael Neal","Tue, 21 Jan 2025 13:58:12 -0500","fix data model calls",	 1 file changed, 118 insertions(+), 98 deletions(-)	
"a64ce9f","Michael Neal","Tue, 21 Jan 2025 13:57:53 -0500","disable devbanner",	 1 file changed, 1 insertion(+), 1 deletion(-)	
"85ec195","Michael Neal","Tue, 21 Jan 2025 13:57:47 -0500","add logo",	 1 file changed, 0 insertions(+), 0 deletions(-)	
"b693f24","Michael Neal","Mon, 20 Jan 2025 23:21:35 -0500","add sveaflet and flowbite-svelte-icons",	 1 file changed, 478 insertions(+)	
"9725227","Michael Neal","Mon, 20 Jan 2025 23:21:17 -0500","add flowbite-svelte-icons",	 1 file changed, 1 insertion(+)	
"0d5c431","Michael Neal","Mon, 20 Jan 2025 23:21:08 -0500","update layout",	 1 file changed, 12 insertions(+), 7 deletions(-)	
"30f1013","Michael Neal","Mon, 20 Jan 2025 23:20:57 -0500","add layout helper functions",	 1 file changed, 14 insertions(+)	
"4bae086","Michael Neal","Mon, 20 Jan 2025 23:20:43 -0500","update props",	 1 file changed, 2 insertions(+), 1 deletion(-)	
"7298cd5","Michael Neal","Mon, 20 Jan 2025 23:20:33 -0500","add formatted types",	 1 file changed, 6 insertions(+)	
"5f22563","Michael Neal","Mon, 20 Jan 2025 23:20:20 -0500","update layout",	 1 file changed, 3 insertions(+), 4 deletions(-)	
"c764011","Michael Neal","Mon, 20 Jan 2025 23:20:15 -0500","remove unused function",	 1 file changed, 3 deletions(-)	
"9449970","Michael Neal","Mon, 20 Jan 2025 23:20:09 -0500","fix broken props",	 1 file changed, 10 insertions(+), 10 deletions(-)	
"1d6bc4c","Michael Neal","Mon, 20 Jan 2025 23:19:56 -0500","comment out broken import",	 1 file changed, 1 insertion(+), 1 deletion(-)	
"2fb00b6","Michael Neal","Mon, 20 Jan 2025 23:19:44 -0500","update layout",	 1 file changed, 1 insertion(+)	
"e4bfbeb","Michael Neal","Mon, 20 Jan 2025 23:19:39 -0500","add new props",	 1 file changed, 6 insertions(+), 2 deletions(-)	
"6f81410","Michael Neal","Mon, 20 Jan 2025 23:19:22 -0500","add new layout",	 1 file changed, 2 insertions(+)	
"3543cc7","Michael Neal","Mon, 20 Jan 2025 23:19:17 -0500","remove unused layout",	 1 file changed, 61 deletions(-)	
"9dc245e","Michael Neal","Mon, 20 Jan 2025 23:18:51 -0500","add properties for updated layout",	 1 file changed, 31 insertions(+)	
"80d031d","Michael Neal","Mon, 20 Jan 2025 23:18:18 -0500","remove unused sample data",	 1 file changed, 82 deletions(-)	
"5caecd0","Michael Neal","Mon, 20 Jan 2025 23:17:57 -0500","add typescript support",	 1 file changed, 1 insertion(+), 1 deletion(-)	
"89416f1","Michael Neal","Mon, 20 Jan 2025 23:17:33 -0500","fix layout",	 1 file changed, 12 insertions(+), 14 deletions(-)	
"27df58f","Michael Neal","Mon, 20 Jan 2025 23:17:23 -0500","fix typo",	 1 file changed, 3 insertions(+), 2 deletions(-)	
"e5c8832","Michael Neal","Mon, 20 Jan 2025 23:17:09 -0500","rename function",	 1 file changed, 1 insertion(+), 1 deletion(-)	
"8b530b7","Michael Neal","Mon, 20 Jan 2025 23:17:01 -0500","update Sveaflet import",	 1 file changed, 2 insertions(+), 2 deletions(-)	
"1821c96","Michael Neal","Mon, 20 Jan 2025 23:16:09 -0500","refactor data model and layout",	 1 file changed, 67 insertions(+), 37 deletions(-)	
"0f12ae5","Michael Neal","Fri, 17 Jan 2025 21:41:34 -0500","add tableclicked prop",	 1 file changed, 6 insertions(+), 5 deletions(-)	
"fc0bc57","Michael Neal","Fri, 17 Jan 2025 21:41:21 -0500","create new search bar",	 1 file changed, 60 insertions(+)	
"d485e9f","Michael Neal","Fri, 17 Jan 2025 21:41:10 -0500","update props",	 1 file changed, 7 insertions(+), 4 deletions(-)	
"946132b","Michael Neal","Fri, 17 Jan 2025 21:41:02 -0500","update formatting",	 1 file changed, 40 insertions(+), 16 deletions(-)	
"65b040d","Michael Neal","Fri, 17 Jan 2025 21:40:56 -0500","update styling",	 1 file changed, 86 insertions(+), 83 deletions(-)	
"b2b6347","Michael Neal","Thu, 16 Jan 2025 23:59:00 -0500","add flowbite config",	 1 file changed, 44 insertions(+), 29 deletions(-)	
"b97f440","Michael Neal","Thu, 16 Jan 2025 23:58:45 -0500","add drawer and map",	 1 file changed, 14 insertions(+), 11 deletions(-)	
"5e68770","Michael Neal","Thu, 16 Jan 2025 23:58:27 -0500","update prop names",	 1 file changed, 3 insertions(+), 3 deletions(-)	
"9da645e","Michael Neal","Thu, 16 Jan 2025 23:58:22 -0500","refactor props",	 1 file changed, 7 insertions(+), 3 deletions(-)	
"874e926","Michael Neal","Thu, 16 Jan 2025 23:58:08 -0500","add dark mode button",	 1 file changed, 9 insertions(+), 3 deletions(-)	
"ad0c9c1","Michael Neal","Thu, 16 Jan 2025 23:57:59 -0500","create map for drawer",	 1 file changed, 60 insertions(+)	
"c49f1ca","Michael Neal","Thu, 16 Jan 2025 23:57:49 -0500","add drawer config and layout",	 1 file changed, 210 insertions(+)	
"5bcd0f9","Michael Neal","Thu, 16 Jan 2025 15:39:01 -0500","add drawer",	 1 file changed, 2 insertions(+), 1 deletion(-)	
"2ea55c9","Michael Neal","Thu, 16 Jan 2025 15:38:56 -0500","create drawer",	 1 file changed, 0 insertions(+), 0 deletions(-)	
"f838ed6","Michael Neal","Thu, 16 Jan 2025 15:34:01 -0500","remove leaflet, add sveaflet",	 2 files changed, 22 insertions(+), 2 deletions(-)	
"3fa385b","Michael Neal","Thu, 16 Jan 2025 15:33:04 -0500","add leaflet declaration",	 1 file changed, 1 insertion(+), 1 deletion(-)	
"cec69b4","Michael Neal","Thu, 16 Jan 2025 15:32:57 -0500","fix SSR diable",	 1 file changed, 1 deletion(-)	
"cede4d6","Michael Neal","Thu, 16 Jan 2025 15:32:52 -0500","disable SSR",	 1 file changed, 1 insertion(+)	
"b4d8645","Michael Neal","Thu, 16 Jan 2025 15:32:45 -0500","move from Leaflet.js to Sveaflet",	 1 file changed, 12 insertions(+), 14 deletions(-)	
"53db48e","Michael Neal","Thu, 16 Jan 2025 15:32:11 -0500","set up map component",	 1 file changed, 24 insertions(+), 13 deletions(-)	
"99b640b","Michael Neal","Thu, 16 Jan 2025 15:32:00 -0500","update toggledetails typing",	 1 file changed, 1 insertion(+), 1 deletion(-)	
"19a9ffd","Michael Neal","Thu, 16 Jan 2025 15:31:50 -0500","remove Leaflet",	 1 file changed, 0 insertions(+), 0 deletions(-)	
"2670558","Michael Neal","Wed, 15 Jan 2025 22:50:48 -0500","add sveaflet library",	 2 files changed, 578 insertions(+), 19 deletions(-)	
"62c6a9c","Michael Neal","Wed, 15 Jan 2025 22:50:32 -0500","turn off ssr",	 2 files changed, 3 insertions(+), 1 deletion(-)	
"c10d227","Michael Neal","Wed, 15 Jan 2025 22:50:12 -0500","fix typo",	 1 file changed, 2 insertions(+), 1 deletion(-)	
"0a20a07","Michael Neal","Wed, 15 Jan 2025 22:50:06 -0500","update styling",	 1 file changed, 7 insertions(+), 3 deletions(-)	
"0e31267","Michael Neal","Wed, 15 Jan 2025 22:50:00 -0500","create map component",	 1 file changed, 25 insertions(+), 2 deletions(-)	
"46e824a","Michael Neal","Wed, 15 Jan 2025 22:49:52 -0500","update string interpolation",	 1 file changed, 18 insertions(+), 4 deletions(-)	
"2622841","Michael Neal","Wed, 15 Jan 2025 22:49:37 -0500","update placeholder images",	 1 file changed, 2 insertions(+), 2 deletions(-)	
"e664070","Michael Neal","Wed, 15 Jan 2025 13:19:32 -0500","update headers and components",	 1 file changed, 4 insertions(+)	
"01701a8","Michael Neal","Wed, 15 Jan 2025 13:19:18 -0500","add flex to viewbar",	 1 file changed, 1 insertion(+), 1 deletion(-)	
"a08ab84","Michael Neal","Wed, 15 Jan 2025 13:19:03 -0500","create saved searches row",	 1 file changed, 0 insertions(+), 0 deletions(-)	
"edd2dea","Michael Neal","Wed, 15 Jan 2025 13:18:53 -0500","remove auto refreshing notification",	 1 file changed, 4 insertions(+), 12 deletions(-)	
"9b3fc1b","Michael Neal","Tue, 14 Jan 2025 05:41:45 -0500","move components to $lib",	 13 files changed, 3 insertions(+), 4 deletions(-)	
"27b21f3","Michael Neal","Tue, 14 Jan 2025 05:34:33 -0500","create map component",	 1 file changed, 2 insertions(+)	
"66a66c9","Michael Neal","Tue, 14 Jan 2025 05:34:28 -0500","update main layout",	 1 file changed, 25 insertions(+), 12 deletions(-)	
"e93a39c","Michael Neal","Tue, 14 Jan 2025 05:34:17 -0500","fix typing",	 1 file changed, 1 insertion(+), 1 deletion(-)	
"22fee64","Michael Neal","Tue, 14 Jan 2025 05:34:02 -0500","create view bar component",	 1 file changed, 20 insertions(+)	
"498dbe9","Michael Neal","Tue, 14 Jan 2025 04:02:47 -0500","shadcn config",	 1 file changed, 54 insertions(+), 21 deletions(-)	
"bd03487","Michael Neal","Tue, 14 Jan 2025 04:02:42 -0500","shadcn updates",	 1 file changed, 20 insertions(+)	
"fe9e77f","Michael Neal","Tue, 14 Jan 2025 04:02:35 -0500","shadcn updates",	 1 file changed, 3 insertions(+)	
"4112e72","Michael Neal","Tue, 14 Jan 2025 04:02:27 -0500","shadcn updates",	 1 file changed, 14 insertions(+)	
"f6bd85c","Michael Neal","Tue, 14 Jan 2025 04:02:21 -0500","add shadcn config",	 1 file changed, 78 insertions(+), 3 deletions(-)	
"bfb19a5","Michael Neal","Tue, 14 Jan 2025 04:02:08 -0500","remove types",	 1 file changed, 46 deletions(-)	
"c9eae01","Michael Neal","Tue, 14 Jan 2025 04:02:03 -0500","update formatting",	 1 file changed, 98 insertions(+), 81 deletions(-)	
"764efe0","Michael Neal","Tue, 14 Jan 2025 04:01:56 -0500","delete unneeded imports",	 1 file changed, 2 insertions(+), 3 deletions(-)	
"4f2a9ce","Michael Neal","Tue, 14 Jan 2025 04:01:48 -0500","add shadcn utils",	 1 file changed, 62 insertions(+)	
"e3a776f","Michael Neal","Tue, 14 Jan 2025 04:01:30 -0500","add types for table data",	 1 file changed, 46 insertions(+)	
"fd60e20","Michael Neal","Tue, 14 Jan 2025 01:32:17 -0500","add tying for sample data",	 1 file changed, 46 insertions(+)	
"1f96f81","Michael Neal","Tue, 14 Jan 2025 01:32:08 -0500","update load table layout",	 1 file changed, 132 insertions(+)	
"d95ca26","Michael Neal","Tue, 14 Jan 2025 01:31:58 -0500","add table data",	 1 file changed, 20 insertions(+)	
"57e8c96","Michael Neal","Fri, 10 Jan 2025 02:16:25 -0500","create row component",	 1 file changed, 18 insertions(+)	
"fc04438","Michael Neal","Fri, 10 Jan 2025 02:16:18 -0500","set up table and testing data",	 1 file changed, 157 insertions(+), 1 deletion(-)	
"3bbff45","Michael Neal","Fri, 10 Jan 2025 01:31:05 -0500","add loadtable to main page",	 1 file changed, 4 insertions(+)	
"2f37cb1","Michael Neal","Fri, 10 Jan 2025 01:30:52 -0500","update sample data",	 1 file changed, 922 insertions(+), 3779 deletions(-)	
"b09f9c2","Michael Neal","Thu, 9 Jan 2025 21:11:06 -0500","create sample data",	 1 file changed, 282 insertions(+), 2 deletions(-)	
"a00f3e5","Michael Neal","Thu, 9 Jan 2025 21:10:56 -0500","create sample data",	 1 file changed, 3779 insertions(+)	
"b36d196","Michael Neal","Thu, 9 Jan 2025 12:56:04 -0500","import table components",	 1 file changed, 7 insertions(+)	
"4304d25","Michael Neal","Thu, 9 Jan 2025 12:55:56 -0500","add typescript support and set up dev banner",	 1 file changed, 17 insertions(+)	
"35a2abb","Michael Neal","Thu, 9 Jan 2025 12:55:41 -0500","add typescript support",	 1 file changed, 1 insertion(+), 1 deletion(-)	
"52b57ee","Michael Neal","Thu, 9 Jan 2025 12:55:29 -0500","create sample data for testing",	 1 file changed, 0 insertions(+), 0 deletions(-)	
"3a75ea7","Michael Neal","Thu, 9 Jan 2025 11:03:03 -0500","initial commit",	 1 file changed, 0 insertions(+), 0 deletions(-)	
"da186fb","Michael Neal","Thu, 9 Jan 2025 11:02:55 -0500","initial commit",	 1 file changed, 0 insertions(+), 0 deletions(-)	
"d9ac4f6","Michael Neal","Thu, 9 Jan 2025 11:02:50 -0500","initial commit",	 1 file changed, 0 insertions(+), 0 deletions(-)	
"c6b8346","Michael Neal","Thu, 9 Jan 2025 11:02:45 -0500","initial commit",	 1 file changed, 0 insertions(+), 0 deletions(-)	
"fda5833","Michael Neal","Thu, 9 Jan 2025 11:02:41 -0500","initial commit",	 1 file changed, 0 insertions(+), 0 deletions(-)	
"c6b0066","Michael Neal","Thu, 9 Jan 2025 11:02:35 -0500","initial commit",	 1 file changed, 0 insertions(+), 0 deletions(-)	
"a9da6ac","Michael Neal","Thu, 9 Jan 2025 11:02:31 -0500","initial commit",	 1 file changed, 0 insertions(+), 0 deletions(-)	
"7b9eeaa","Michael Neal","Thu, 9 Jan 2025 11:02:26 -0500","initial commit",	 1 file changed, 0 insertions(+), 0 deletions(-)	
"454775b","Michael Neal","Thu, 9 Jan 2025 11:02:22 -0500","initial commit",	 1 file changed, 0 insertions(+), 0 deletions(-)	
"4dd3e6c","Michael Neal","Thu, 9 Jan 2025 10:55:49 -0500","create developer mode banner",	 1 file changed, 9 insertions(+), 1 deletion(-)	
"5fc2bd6","Michael Neal","Thu, 9 Jan 2025 10:55:41 -0500","fix developer mode banner import",	 1 file changed, 1 insertion(+), 1 deletion(-)	
"7acf8ad","Mike Neal","Tue, 7 Jan 2025 08:26:26 -0500","set up developer banner",	 1 file changed, 9 insertions(+)	
"9f55469","Mike Neal","Tue, 7 Jan 2025 08:26:18 -0500","remove boilerplate",	 1 file changed, 5 insertions(+), 2 deletions(-)	
"7eaca4a","Mike Neal","Tue, 7 Jan 2025 08:08:59 -0500","add flowbite config",	 1 file changed, 21 insertions(+), 4 deletions(-)	
"7b2b3ea","Mike Neal","Tue, 7 Jan 2025 08:04:54 -0500","install flowbite component library",	 2 files changed, 2993 insertions(+)	
"97c9f69","Mike Neal","Tue, 7 Jan 2025 08:00:06 -0500","installing sveltekit dependencies",	 1 file changed, 43 insertions(+), 4 deletions(-)	
"68e68b3","Mike Neal","Tue, 7 Jan 2025 07:56:38 -0500","initial commit",	 20 files changed, 4739 insertions(+)	
